id,country_name,created_at,description,games,gender,mug_shot,name,slug,species
2692,Null,1414800000,Null,Any[41],Null,Null,O,o,Null
5144,Null,1433721600,Null,Any[418],Null,Null,Dona,dona,Null
7238,Null,1456185600,Null,Any[378],Null,Null,Boris,boris,Null
12335,Null,1547337600,Null,Any[25076],Null,Null,Karen Jones,karen-jones,Null
710,Null,1408060800,Null,Any[18],Null,Null,Alex Balder,alex-balder,Null
12956,Null,1555977600,Null,Any[26193],Null,Null,Asav's Insurgents,asavs-insurgents,Null
5971,Null,1445731200,Null,Any[3174],Null,Null,Production voice and Imaging,production-voice-and-imaging,Null
4445,Null,1431216000,Null,"Any[380, 1219, 1221, 2993]",0,3620,Beast,beast,5
5140,Null,1433721600,Null,"Any[418, 1221, 2444, 2449]",Null,Null,Cid,cid--1,Null
889,Null,1409011200,Null,Any[2368],Null,Null,Steady Hand McDuff,steady-hand-mcduff,Null
10120,Null,1475020800,Null,Any[5619],Null,Null,"Patches, the Hyena",patches-the-hyena,Null
7518,Null,1459728000,Null,Any[184],Null,Null,,,Null
8639,Null,1463961600,Null,Any[25076],Null,Null,Hercule,hercule,Null
5902,Null,1443398400,Null,Any[1289],Null,Null,Qwark's Fitness Trainer,qwarks-fitness-trainer,Null
70,Null,1384905600,Null,Any[62],Null,Null,Madame Xima,madame-xima,Null
12429,Null,1547337600,Null,Any[25076],Null,Null,Heston Jameson,heston-jameson,Null
5744,Null,1442707200,Null,"Any[4755, 19565]",Null,Null,Peter Parker,peter-parker,Null
6032,Null,1446681600,Null,"Any[545, 1122]",0,3871,Richtofen,richtofen,1
5147,Null,1433721600,Null,Any[418],Null,Null,Shelinda,shelinda,Null
834,Null,1408752000,Null,"Any[66, 895, 1279, 2238, 55092, 55189]",Null,Null,Innkeeper,innkeeper,Null
3752,Null,1428796800,Null,"Any[529, 5620, 6707, 9647, 19090]",Null,Null,Captain,captain,Null
2155,Null,1413158400,Null,"Any[512, 1291, 3235, 4964]",Null,Null,Voice Over Talent,voice-over-talent,Null
5964,Null,1445731200,Null,"Any[989, 3174]",Null,Null,Police Officer,police-officer,Null
1117,Null,1409443200,Null,"Any[113, 127]",Null,Null,Claudia Auditore,claudia-auditore,Null
4998,Null,1432944000,Null,"Any[1528, 76882]",Null,Null,Sculptor,sculptor,Null
15012,Null,1573084800,Null,Any[113114],Null,Null,Lilya Hagen,lilya-hagen,Null
4537,Null,1431993600,Null,Any[1305],Null,Null,Charlie Cole,charlie-cole,Null
4540,Null,1431993600,Null,"Any[562, 1305]",Null,Null,President Caldwell,president-caldwell,Null
4541,Null,1431993600,Null,Any[1305],Null,Null,Reza Nouri,reza-nouri,Null
4544,Null,1431993600,Null,Any[1305],Null,Null,Farsi Soldier 1,farsi-soldier-1,Null
4593,Null,1431993600,Null,Any[1305],Null,Null,Jadid Haidos,jadid-haidos,Null
5628,Null,1441411200,Null,Any[113],Null,Null,Lucrezia Borgia,lucrezia-borgia,Null
4745,Null,1431993600,Null,"Any[245, 493]",Null,Null,Intruder,intruder,Null
1124,Null,1409443200,Null,"Any[113, 127]",Null,Null,Bartolomeo,bartolomeo,Null
12820,Null,1551398400,Null,"Any[11270, 26758]",Null,Null,Pauline,pauline,Null
5143,Null,1433721600,Null,Any[418],Null,Null,Gatta,gatta,Null
15410,Null,1589846400,Null,Any[2155],Null,Null,Quelana of Izalith,quelana-of-izalith,Null
15415,Null,1589846400,Null,Any[2155],Null,Null,Knight of the Undead Asylum,knight-of-the-undead-asylum,Null
15417,Null,1589846400,Null,Any[2155],Null,Null,Darlstalker Kaathe,darlstalker-kaathe,Null
15423,Null,1589846400,Null,Any[2155],Null,Null,Trusty Patches,trusty-patches,Null
15420,Null,1589846400,Null,Any[2155],Null,Null,Andre of Astora,andre-of-astora,Null
15419,Null,1589846400,Null,Any[2155],Null,Null,Maiden Knight,maiden-knight,Null
73,Null,1384905600,Null,Any[62],Null,Null,Cruff,cruff,Null
911,Null,1409011200,Null,"Any[113, 128, 537]",Null,Null,Animus,animus,Null
69,Null,1384905600,Null,Any[62],Null,Null,Kenny Falmouth,kenny-falmouth,Null
96,Null,1384905600,Null,Any[62],Null,Null,Fat Pirate,fat-pirate,Null
15394,Null,1589846400,Null,Any[2155],Null,Null,Quelaag's Sister,quelaags-sister,Null
15397,Null,1589846400,Null,Any[2155],Null,Null,Gwynevere,gwynevere,Null
15409,Null,1589846400,Null,Any[2155],Null,Null,Darkmoon Knight,darkmoon-knight,Null
15406,Null,1589846400,Null,Any[2155],Null,Null,Alvina of the Darkroot Wood,alvina-of-the-darkroot-wood,Null
4545,Null,1431993600,Null,Any[1305],Null,Null,Arabic Soldier 3,arabic-soldier-3,Null
4542,Null,1431993600,Null,"Any[562, 1305]",Null,Null,Andriy Kobin,andriy-kobin,Null
5239,Null,1437782400,Null,"Any[431, 512, 565]",1,3566,Elena Fisher,elena-fisher,1
4546,Null,1431993600,Null,Any[1305],Null,Null,Russian Soldier 3,russian-soldier-3,Null
76,Null,1384905600,Null,Any[62],Null,Null,Cabana Boy,cabana-boy,Null
92,Null,1384905600,Null,Any[62],Null,Null,Stu Boyle,stu-boyle,Null
1112,Null,1409443200,Null,"Any[113, 127]",Null,Null,Mario Auditore,mario-auditore,Null
1118,Null,1409443200,Null,"Any[113, 127]",Null,Null,Federico Auditore,federico-auditore,Null
4548,Null,1431993600,Null,Any[1305],Null,Null,English US Soldier 4,english-us-soldier-4,Null
5629,Null,1441411200,Null,Any[113],Null,Null,Juan Borgia the Elder,juan-borgia-the-elder,Null
1139,Null,1409443200,Null,"Any[113, 127]",Null,Null,Caterina Sforza,caterina-sforza,Null
1140,Null,1409443200,Null,"Any[113, 127]",Null,Null,Machiavelli,machiavelli,Null
1128,Null,1409443200,Null,"Any[113, 127, 537]",Null,Null,Rebecca Crane,rebecca-crane,Null
239,Null,1387843200,Null,Any[733],Null,Null,Congressman Alex Shrub,congressman-alex-shrub,Null
15342,Null,1588809600,Null,Any[37001],Null,Null,Opher,opher,Null
71,Null,1384905600,Null,Any[62],Null,Null,Dinghy Dog,dinghy-dog,Null
74,Null,1384905600,Null,Any[62],Null,Null,Captain Rottingham,captain-rottingham,Null
7156,Null,1455408000,"Julia is the wife of the main character Henry in the game Firewatch.

The couple met in a bar in Boulder, CO. They quickly hit it off, and soon afterwards, they are engaged, get married and get a dog. After the wedding, Julia gets a job request at Yale University in Connecticut, and it's up to the player if she takes the job or not. Sadly, it's soon revealed that she is suffering from Alzheimer's. Her condition quickly gets worse, and Henry sees how her family comes and gets Julia and takes her home to Australia. 

Her character is never seen in Firewatch. A lot is known about her thanks to Henry talking about her to his new job partner, Delilah. There's only one picture of Julia that we can see in the game, and it sits on Henry's desk at the Lookout Station. In the photo, her face is covered by a large camera. Julia's voice is briefly heard over the radio one night when Henry is delusional when being half-awake.","Any[9730, 103249]",1,3654,Julia,julia,1
15346,Null,1588809600,Null,Any[37001],Null,Null,Seir,seir,Null
15352,Null,1588809600,Null,Any[37001],Null,Null,Stink Spirit,stink-spirit,Null
15393,Null,1589846400,Null,Any[2155],Null,Null,Reah of Thorolund,reah-of-thorolund,Null
15401,Null,1589846400,Null,Any[2155],Null,Null,Vamos the Blacksmith,vamos-the-blacksmith,Null
4543,Null,1431993600,Null,Any[1305],Null,Null,Secretary of Defence,secretary-of-defence,Null
4549,Null,1431993600,Null,Any[1305],Null,Null,Pundit (Qods),pundit-qods,Null
4567,Null,1431993600,Null,"Any[562, 1305]",Null,Null,Kestrel,kestrel,Null
4594,Null,1431993600,Null,Any[1305],Null,Null,Engineer Leader,engineer-leader,Null
5630,Null,1441411200,Null,Any[113],Null,Null,Cesare Borgia,cesare-borgia,Null
147,Null,1385337600,Null,Any[730],Null,Null,Ray Machowski,ray-machowski,Null
150,Null,1385337600,Null,"Any[730, 5313]",Null,Null,Asuka,asuka,Null
91,Null,1384905600,Null,Any[62],Null,Null,Mort,mort,Null
88,Null,1384905600,Null,Any[62],Null,Null,Ghost Bride,ghost-bride,Null
97,Null,1384905600,Null,Any[62],Null,Null,Thin Pirate,thin-pirate,Null
148,Null,1385337600,Null,Any[730],Null,Null,8-Ball,8-ball,Null
27,Null,1384387200,Null,"Any[99, 1009, 1871, 7042, 18364]",Null,Null,David,david,Null
240,Null,1387843200,Null,Any[733],Null,Null,Old Man Kelly,old-man-kelly,Null
63,Null,1384905600,Null,Any[62],Null,Null,Father Pirate,father-pirate,Null
21,Null,1384387200,Null,"Any[99, 6574, 9630]",Null,Null,Angie,angie,Null
23,Null,1384387200,Null,"Any[99, 730, 1961]",Null,Null,Kenji,kenji,Null
4173,Null,1430006400,Null,Any[109],Null,Null,Patrolman Herbert Walwick,patrolman-herbert-walwick,Null
224,Null,1387843200,Null,Any[733],Null,Null,Lance Vance,lance-vance,Null
4551,Null,1431993600,Null,Any[1305],Null,Null,English US Soldier 2,english-us-soldier-2,Null
4553,Null,1431993600,Null,Any[1305],Null,Null,Jerry Gawih,jerry-gawih,Null
4550,Null,1431993600,Null,Any[1305],Null,Null,Gareth (Transit Cop),gareth-transit-cop,Null
851,Null,1409011200,Null,Any[2368],Null,Null,Felkin the Outcast,felkin-the-outcast,Null
2427,Null,1414454400,Null,"Any[20, 306, 594, 897, 1878, 1910, 2031, 9192, 55092]",Null,Null,Various,various,Null
113,Null,1384992000,Null,Any[74],Null,Null,Yvonne Strahovski,yvonne-strahovski,Null
132,Null,1385164800,Null,Any[233],Null,Null,Vortigaunt,vortigaunt,Null
137,Null,1385164800,Null,Any[233],Null,Null,Dr. Isaac Kleiner,dr-isaac-kleiner,Null
138,Null,1385164800,Null,Any[233],Null,Null,Father Grigori,father-grigori,Null
139,Null,1385164800,Null,Any[233],Null,Null,Citizens & Misc. characters,citizens-misc-characters,Null
81,Null,1384905600,Null,Any[62],Null,Null,Snowcone Guy,snowcone-guy,Null
89,Null,1384905600,Null,Any[62],Null,Null,Mr. Fossey,mr-fossey,Null
141,Null,1385337600,Null,"Any[730, 732]",Null,Null,Salvatore Leone,salvatore-leone,Null
162,Null,1385337600,Null,Any[730],Null,Null,Misty,misty,Null
149,Null,1385337600,Null,Any[730],Null,Null,Momma,momma,Null
158,Null,1385337600,Null,Any[730],Null,Null,Marty Chonks,marty-chonks,Null
72,Null,1384905600,Null,Any[62],Null,Null,Captain Blondebeard,captain-blondebeard,Null
77,Null,1384905600,Null,Any[62],Null,Null,LaFoot,lafoot,Null
62,Null,1384905600,Null,Any[62],Null,Null,Skully,skully,Null
143,Null,1385337600,Null,Any[730],Null,Null,Toni Cipriani,toni-cipriani,Null
146,Null,1385337600,Null,Any[730],Null,Null,Donald Love,donald-love,Null
152,Null,1385337600,Null,"Any[730, 37777]",Null,Null,Miguel,miguel,Null
155,Null,1385337600,Null,Any[730],Null,Null,D-ice,d-ice,Null
4181,Null,1430006400,Null,Any[109],Null,Null,Harry Westcott,harry-westcott,Null
13151,Null,1555977600,Null,Any[529],Null,Null,Vaas,vaas,Null
13153,Null,1555977600,Null,Any[529],Null,Null,Dr. Earnheart,dr-earnheart,Null
13152,Null,1555977600,Null,Any[529],Null,Null,Hoyt,hoyt,Null
13155,Null,1555977600,Null,"Any[529, 113249]",Null,Null,Buck,buck,Null
6184,Null,1448236800,Null,Any[9630],Null,Null,Travis Miles,travis-miles,Null
6190,Null,1448236800,Null,Any[9630],Null,Null,Anchorman,anchorman,Null
2468,Null,1414713600,Null,Any[1970],Null,Null,Olivier Garneau,olivier-garneau,Null
2465,Null,1414713600,Null,Any[1970],Null,Null,Laureano Torres,laureano-torres,Null
2467,Null,1414713600,Null,"Any[1970, 5606]",Null,Null,Melanie Lemay,melanie-lemay,Null
4552,Null,1431993600,Null,"Any[562, 1305]",Null,Null,Russian Soldier 2,russian-soldier-2,Null
4554,Null,1431993600,Null,Any[1305],Null,Null,English UK Solder 3,english-uk-solder-3,Null
4556,Null,1431993600,Null,Any[1305],Null,Null,Farsi Soldier 3,farsi-soldier-3,Null
4579,Null,1431993600,Null,Any[1305],Null,Null,Captain Turley,captain-turley,Null
4581,Null,1431993600,Null,Any[1305],Null,Null,News Anchor 3,news-anchor-3,Null
4592,Null,1431993600,Null,Any[1305],Null,Null,Dwa Gunaway,dwa-gunaway,Null
7789,Null,1461888000,Null,Any[512],Null,Null,Hired Thugs,hired-thugs,Null
130,Null,1385164800,Null,Any[233],Null,Null,Dr. Eli Vance,dr-eli-vance,Null
26,Null,1384387200,Null,"Any[99, 2993]",Null,Null,Colin,colin,Null
83,Null,1384905600,Null,Any[62],Null,Null,King Andre,king-andre,Null
86,Null,1384905600,Null,Any[62],Null,Null,Palido Domingo,palido-domingo,Null
11086,Null,1510099200,Null,Any[7603],Null,Null,Shadow/Zynbel,shadow-slash-zynbel,Null
160,Null,1385337600,Null,Any[730],Null,Null,King Courtney,king-courtney,Null
61,Null,1384905600,Null,"Any[62, 63, 322]",Null,Null,Murray,murray,Null
78,Null,1384905600,Null,Any[62],Null,Null,Lemonhead,lemonhead,Null
133,Null,1385164800,Null,Any[233],Null,Null,Dr. Judith Mossman,dr-judith-mossman,Null
64,Null,1384905600,Null,Any[62],Null,Null,Wally,wally,Null
153,Null,1385337600,Null,Any[730],Null,Null,El Burro,el-burro,Null
68,Null,1384905600,Null,Any[62],Null,Null,Cutthroat Bill,cutthroat-bill,Null
157,Null,1385337600,Null,Any[730],Null,Null,Darkel,darkel,Null
159,Null,1385337600,Null,Any[730],Null,Null,Curly Bob,curly-bob,Null
4207,Null,1430006400,Null,Any[109],Null,Null,Female Pedestrian 11,female-pedestrian-11,Null
15404,Null,1589846400,Null,Any[2155],Null,Null,Dusk of Oolacile,dusk-of-oolacile,Null
4559,Null,1431993600,Null,Any[1305],Null,Null,Oliver (Ollie),oliver-ollie,Null
4562,Null,1431993600,Null,Any[1305],Null,Null,Co-Pilot,co-pilot,Null
4555,Null,1431993600,Null,Any[1305],Null,Null,English US Soldier 1,english-us-soldier-1,Null
15402,Null,1589846400,Null,Any[2155],Null,Null,Blacksmith Giant,blacksmith-giant,Null
7131,Null,1455062400,Null,"Any[529, 1913, 113999]",Null,Null,Dennis,dennis,Null
80,Null,1384905600,Null,Any[62],Null,Null,Slappy Cromwell,slappy-cromwell,Null
13164,Null,1555977600,Null,Any[2933],Null,Null,Woody,woody,Null
13166,Null,1555977600,Null,Any[2933],Null,Null,Hamm,hamm,Null
13168,Null,1555977600,Null,Any[2933],Null,Null,Aliens,aliens,Null
4580,Null,1431993600,Null,Any[1305],Null,Null,Bahasa Indonesian Soldier 1,bahasa-indonesian-soldier-1,Null
4589,Null,1431993600,Null,Any[1305],Null,Null,English US Solder 3,english-us-solder-3,Null
4195,Null,1430006400,Null,Any[109],Null,Null,Female Pedestrian 5,female-pedestrian-5,Null
4539,Null,1431993600,Null,Any[1305],Null,Null,Majid Sadiq,majid-sadiq,Null
4538,Null,1431993600,Null,"Any[562, 1305]",Null,Null,Victor Coste,victor-coste,Null
4547,Null,1431993600,Null,Any[1305],Null,Null,Arabic Soldier 2,arabic-soldier-2,Null
4557,Null,1431993600,Null,Any[1305],Null,Null,Qods General,qods-general,Null
4568,Null,1431993600,Null,Any[1305],Null,Null,Arabic Soldier 4,arabic-soldier-4,Null
4563,Null,1431993600,Null,Any[1305],Null,Null,News Anchor 1,news-anchor-1,Null
4560,Null,1431993600,Null,Any[1305],Null,Null,Prison Guard 2,prison-guard-2,Null
4569,Null,1431993600,Null,Any[1305],Null,Null,Arabic Soldier 1,arabic-soldier-1,Null
4571,Null,1431993600,Null,Any[1305],Null,Null,General McGowan,general-mcgowan,Null
3573,Null,1424390400,Null,"Any[529, 6801]",Null,Null,Willis,willis,Null
4582,Null,1431993600,Null,Any[1305],Null,Null,Russian Soldier 4,russian-soldier-4,Null
4588,Null,1431993600,Null,Any[1305],Null,Null,Saaed,saaed,Null
131,Null,1385164800,Null,Any[233],Null,Null,Dr. Wallace Breen,dr-wallace-breen,Null
135,Null,1385164800,Null,Any[233],Null,Null,Barney Calhoun,barney-calhoun,Null
67,Null,1384905600,Null,Any[62],Null,Null,Ghost Groom,ghost-groom,Null
161,Null,1385337600,Null,Any[730],Null,Null,One-armed Phil,one-armed-phil,Null
144,Null,1385337600,Null,Any[730],Null,Null,Joey Leone,joey-leone,Null
82,Null,1384905600,Null,Any[62],Null,Null,Griswold Goodsoup,griswold-goodsoup,Null
47,Null,1384732800,Null,"Any[536, 1981, 7145, 19432]",Null,Null,Bobby,bobby,Null
59,Null,1384905600,Null,Any[62],Null,Null,Son Pirate,son-pirate,Null
156,Null,1385337600,Null,Any[730],Null,Null,Curtly,curtly,Null
151,Null,1385337600,Null,"Any[730, 732]",Null,Null,Catalina,catalina,Null
221,Null,1387843200,Null,Any[733],Null,Null,Steve Scott,steve-scott,Null
4564,Null,1431993600,Null,"Any[562, 1305]",Null,Null,Russian Soldier 1,russian-soldier-1,Null
4570,Null,1431993600,Null,Any[1305],Null,Null,Bin Hir,bin-hir,Null
4572,Null,1431993600,Null,Any[1305],Null,Null,Hindi Soldier 1,hindi-soldier-1,Null
11876,Null,1538438400,Null,"Any[91, 529, 19470, 36926, 112916]",Null,Null,Spanish Voice Talent,spanish-voice-talent,Null
6882,Null,1450569600,Null,Any[1051],Null,Null,Generic SWAT #1 Male,generic-swat-number-1-male,Null
11090,Null,1510099200,Null,"Any[7603, 28380]",Null,Null,Fury,fury,Null
5159,Null,1433721600,Null,"Any[481, 18011, 19297, 101211]",Null,Null,Mary,mary,Null
4561,Null,1431993600,Null,Any[1305],Null,Null,Walas,walas,Null
1085,Null,1409443200,Null,Any[1062],Null,Null,Doc Nelson,doc-nelson,Null
13161,Null,1555977600,Null,Any[2933],Null,Null,King Mickey,king-mickey,Null
13165,Null,1555977600,Null,Any[2933],Null,Null,Buzz Lightyear,buzz-lightyear,Null
13169,Null,1555977600,Null,Any[2933],Null,Null,James P. Sullivan,james-p-sullivan,Null
4586,Null,1431993600,Null,"Any[562, 1305]",Null,Null,Sarah Fisher,sarah-fisher,Null
6209,Null,1448236800,Null,Any[9630],Null,Null,Knight Rhys,knight-rhys,Null
226,Null,1387843200,Null,Any[733],Null,Null,Umberto Robina,umberto-robina,Null
4573,Null,1431993600,Null,Any[1305],Null,Null,Farsi Soldier 4,farsi-soldier-4,Null
4576,Null,1431993600,Null,Any[1305],Null,Null,Jadid,jadid,Null
6781,Null,1450569600,Null,"Any[1224, 2904, 2933]",Null,Null,Scrooge McDuck,scrooge-mcduck,Null
12940,Null,1555977600,Null,Any[37016],Null,Null,Giul,giul,Null
13154,Null,1555977600,Null,Any[529],Null,Null,Citra,citra,Null
13163,Null,1555977600,Null,Any[2933],Null,Null,Woman in Distress,woman-in-distress,Null
7045,Null,1455062400,Null,"Any[1219, 1221, 1223, 1224, 2933]",Null,Null,Goofy,goofy,Null
13167,Null,1555977600,Null,Any[2933],Null,Null,Rex,rex,Null
227,Null,1387843200,Null,Any[733],Null,Null,Phil Cassidy,phil-cassidy,Null
232,Null,1387843200,Null,Any[733],Null,Null,Taxi Controller,taxi-controller,Null
250,Null,1387843200,Null,"Any[733, 19297]",Null,Null,Percy,percy,Null
4338,Null,1431216000,Null,"Any[471, 1268, 6632, 19297]",Null,Null,Prophet,prophet,Null
4575,Null,1431993600,Null,Any[1305],Null,Null,News Anchor 2,news-anchor-2,Null
382,Null,1389398400,Null,Any[5],Null,Null,Townsfolk,townsfolk,Null
4574,Null,1431993600,Null,Any[1305],Null,Null,English UK Soldier 4,english-uk-soldier-4,Null
4583,Null,1431993600,Null,Any[1305],Null,Null,Miguel Garcia,miguel-garcia,Null
4578,Null,1431993600,Null,Any[1305],Null,Null,Lead Engineer (Fuel),lead-engineer-fuel,Null
4596,Null,1431993600,Null,Any[1305],Null,Null,Secretary Defense,secretary-defense,Null
660,Null,1407110400,Null,Any[15],Null,Null,Agatha,agatha,Null
3881,Null,1430006400,Null,Any[109],Null,Null,Capt. Lachlan McKelty,capt-lachlan-mckelty,Null
254,Null,1387843200,Null,Any[733],Null,Null,"Oliver ""Ladykiller"" Biscuit",oliver-ladykiller-biscuit,Null
2177,Null,1413849600,Null,Any[7327],Null,Null,Narrative Voice Talent - German,narrative-voice-talent-german,Null
205,Null,1387670400,Null,"Any[18, 494, 2175, 6325, 12410, 18279]",Null,Null,Computer,computer,Null
228,Null,1387843200,Null,Any[733],Null,Null,Mitch Baker,mitch-baker,Null
1224,Null,1409616000,Null,Any[731],Null,Null,City Official in Bar,city-official-in-bar,Null
272,Null,1387843200,Null,Any[733],Null,Null,Pastor Richards,pastor-richards,Null
273,Null,1387843200,Null,Any[733],Null,Null,Jan Brown,jan-brown,Null
281,Null,1388275200,Null,Any[732],Null,Null,Lance ''Ryder'' Wilson,lance-ryder-wilson,Null
288,Null,1388275200,Null,Any[732],Null,Null,Officer Tenpenny,officer-tenpenny,Null
259,Null,1387843200,Null,Any[733],Null,Null,Jez Torrent,jez-torrent,Null
261,Null,1387843200,Null,Any[733],Null,Null,Michelle Carapadis,michelle-carapadis,Null
294,Null,1388275200,Null,Any[732],Null,Null,Mike Toreno,mike-toreno,Null
319,Null,1389398400,Null,Any[5],Null,Null,Alora,alora,Null
321,Null,1389398400,Null,Any[5],Null,Null,Tenya,tenya,Null
329,Null,1389398400,Null,Any[5],Null,Null,Coran,coran,Null
332,Null,1389398400,Null,Any[5],Null,Null,Mystery Merchant,mystery-merchant,Null
337,Null,1389398400,Null,Any[5],Null,Null,Ardenor Crush,ardenor-crush,Null
339,Null,1389398400,Null,Any[5],Null,Null,Montaron,montaron,Null
361,Null,1389398400,Null,Any[5],Null,Null,Silke,silke,Null
363,Null,1389398400,Null,Any[5],Null,Null,Ithmeera,ithmeera,Null
368,Null,1389398400,Null,Any[5],Null,Null,Gellana,gellana,Null
375,Null,1389398400,Null,Any[5],Null,Null,Drizzt,drizzt,Null
384,Null,1389398400,Null,Any[5],Null,Null,Garrick,garrick,Null
386,Null,1389398400,Null,Any[5],Null,Null,Taurgosz,taurgosz,Null
397,Null,1389398400,Null,Any[5],Null,Null,Mulahey,mulahey,Null
405,Null,1389398400,Null,Any[5],Null,Null,Brage,brage,Null
5920,Null,1445731200,Null,"Any[3174, 3265]",Null,Null,Evan Moss,evan-moss,Null
402,Null,1389398400,Null,Any[5],Null,Null,Jebadoh,jebadoh,Null
140,Null,1385164800,Null,"Any[233, 6914]",Null,Null,Overwatch,overwatch,Null
229,Null,1387843200,Null,Any[733],Null,Null,Mercedes Cortez,mercedes-cortez,Null
235,Null,1387843200,Null,Any[733],Null,Null,Auntie Poulet,auntie-poulet,Null
325,Null,1389398400,Null,Any[5],Null,Null,Brunos,brunos,Null
328,Null,1389398400,Null,Any[5],Null,Null,Belt,belt,Null
331,Null,1389398400,Null,Any[5],Null,Null,Greywolf,greywolf,Null
334,Null,1389398400,Null,Any[5],Null,Null,Centeol,centeol,Null
320,Null,1389398400,Null,Any[5],Null,Null,Nymph,nymph,Null
2471,Null,1414713600,Null,Any[1970],Null,Null,Patience Gibbs,patience-gibbs,Null
378,Null,1389398400,Null,Any[5],Null,Null,Branwen,branwen,Null
388,Null,1389398400,Null,Any[5],Null,Null,Chanter,chanter,Null
398,Null,1389398400,Null,Any[5],Null,Null,Tazok,tazok,Null
2460,Null,1414713600,Null,Any[1970],Null,Null,Charles Vane,charles-vane,Null
2464,Null,1414713600,Null,Any[1970],Null,Null,Adewale,adewale,Null
2466,Null,1414713600,Null,Any[1970],Null,Null,Julien Ducasse,julien-ducasse,Null
2469,Null,1414713600,Null,Any[1970],Null,Null,Bartholomew Roberts,bartholomew-roberts,Null
1893,Null,1410912000,Null,"Any[76, 77]",Null,Null,Oghren,oghren,Null
12941,Null,1555977600,Null,Any[37016],Null,Null,Rigger Woman,rigger-woman,Null
3958,Null,1430006400,Null,Any[109],Null,Null,Gloria Bishop,gloria-bishop,Null
231,Null,1387843200,Null,Any[733],Null,Null,Jezz Torrent,jezz-torrent,Null
233,Null,1387843200,Null,Any[733],Null,Null,Candy Suxx,candy-suxx,Null
1035,Null,1409270400,Null,Any[960],Null,Null,Documentary Newscaster,documentary-newscaster,Null
256,Null,1387843200,Null,Any[733],Null,Null,DJ Pepe,dj-pepe,Null
280,Null,1388275200,Null,Any[732],Null,Null,Melvin ''Big Smoke'' Harris,melvin-big-smoke-harris,Null
284,Null,1388275200,Null,Any[732],Null,Null,Barry ''Big Bear'' Thorne,barry-big-bear-thorne,Null
286,Null,1388275200,Null,Any[732],Null,Null,Madd Dogg,madd-dogg,Null
249,Null,1387843200,Null,Any[733],Null,Null,Porn Guy,porn-guy,Null
251,Null,1387843200,Null,"Any[733, 2444]",Null,Null,Toni,toni,Null
263,Null,1387843200,Null,Any[733],Null,Null,Gethsemanee,gethsemanee,Null
269,Null,1387843200,Null,Any[733],Null,Null,Rep. Alex Shrus,rep-alex-shrus,Null
267,Null,1387843200,Null,Any[733],Null,Null,Jonathan Freeloader,jonathan-freeloader,Null
295,Null,1388275200,Null,Any[732],Null,Null,Wozzie,wozzie,Null
300,Null,1388275200,Null,Any[732],Null,Null,Johnny Sindacco,johnny-sindacco,Null
301,Null,1388275200,Null,Any[732],Null,Null,Jimmy Silverman,jimmy-silverman,Null
303,Null,1388275200,Null,Any[732],Null,Null,Dwaine,dwaine,Null
306,Null,1388275200,Null,Any[732],Null,Null,Denise Robinson,denise-robinson,Null
309,Null,1388275200,Null,Any[732],Null,Null,Katie Zhan,katie-zhan,Null
316,Null,1389398400,Null,Any[5],Null,Null,Eldoth Kron,eldoth-kron,Null
355,Null,1389398400,Null,Any[5],Null,Null,Aldeth,aldeth,Null
362,Null,1389398400,Null,Any[5],Null,Null,Imoen,imoen,Null
371,Null,1389398400,Null,Any[5],Null,Null,Tranzig,tranzig,Null
377,Null,1389398400,Null,Any[5],Null,Null,Xan,xan,Null
381,Null,1389398400,Null,Any[5],Null,Null,Sarevok,sarevok,Null
5891,Null,1443398400,Null,Any[1289],Null,Null,Clank,clank,Null
1946,Null,1411689600,Null,Any[1941],Null,Null,Concrete Knight,concrete-knight,Null
12939,Null,1555977600,Null,Any[37016],Null,Null,Desert Hermit,desert-hermit,Null
5957,Null,1445731200,Null,Any[3174],Null,Null,The SANTIAGO MIX,the-santiago-mix,Null
2462,Null,1414713600,Null,Any[1970],Null,Null,Woodes Rogers,woodes-rogers,Null
154,Null,1385337600,Null,"Any[382, 730, 5328]",Null,Null,Chico,chico,Null
293,Null,1388275200,Null,Any[732],Null,Null,T-Bone,t-bone,Null
296,Null,1388275200,Null,Any[732],Null,Null,Su Xi Mu (Suzie),su-xi-mu-suzie,Null
236,Null,1387843200,Null,Any[733],Null,Null,Supplier,supplier,Null
265,Null,1387843200,Null,"Any[733, 14298]",Null,Null,Thor,thor,Null
283,Null,1388275200,Null,Any[732],Null,Null,Mark ''B Dup'' Wayne,mark-b-dup-wayne,Null
285,Null,1388275200,Null,"Any[180, 732]",Null,Null,Emmet,emmet,Null
342,Null,1389398400,Null,Any[5],Null,Null,Eltan,eltan,Null
237,Null,1387843200,Null,Any[733],Null,Null,Cougar,cougar,Null
241,Null,1387843200,Null,Any[733],Null,Null,Cam Jones,cam-jones,Null
245,Null,1387843200,Null,Any[733],Null,Null,Gonzales,gonzales,Null
302,Null,1388275200,Null,Any[732],Null,Null,Bettina,bettina,Null
311,Null,1388275200,Null,Any[732],Null,Null,Modern Hip Hop DJ,modern-hip-hop-dj,Null
313,Null,1388275200,Null,Any[732],Null,Null,Grove Street Families Gang,grove-street-families-gang,Null
323,Null,1389398400,Null,Any[5],Null,Null,Seniyad,seniyad,Null
326,Null,1389398400,Null,Any[5],Null,Null,Irlentree,irlentree,Null
338,Null,1389398400,Null,Any[5],Null,Null,Galkin,galkin,Null
343,Null,1389398400,Null,Any[5],Null,Null,Korax,korax,Null
345,Null,1389398400,Null,Any[5],Null,Null,Xzar,xzar,Null
354,Null,1389398400,Null,Any[5],Null,Null,Viconia DeVir,viconia-devir,Null
356,Null,1389398400,Null,Any[5],Null,Null,Cadderly,cadderly,Null
385,Null,1389398400,Null,Any[5],Null,Null,Niklos,niklos,Null
391,Null,1389398400,Null,Any[5],Null,Null,Telmen,telmen,Null
387,Null,1389398400,Null,Any[5],Null,Null,Shar Teel,shar-teel,Null
393,Null,1389398400,Null,Any[5],Null,Null,Dynaheir,dynaheir,Null
404,Null,1389398400,Null,Any[5],Null,Null,Thaldorn,thaldorn,Null
403,Null,1389398400,Null,Any[5],Null,Null,Khalid,khalid,Null
5884,Null,1443398400,Null,Any[910],Null,Null,Phillip Masse,phillip-masse,Null
255,Null,1387843200,Null,Any[733],Null,Null,DJ Fernando,dj-fernando,Null
176,Null,1386547200,Null,"Any[376, 1919, 103313]",Null,Null,Peter,peter,Null
230,Null,1387843200,Null,"Any[732, 733]",Null,Null,Kent Paul,kent-paul,Null
238,Null,1387843200,Null,Any[733],Null,Null,Hilary,hilary,Null
292,Null,1388275200,Null,Any[732],Null,Null,Jizzy B,jizzy-b,Null
297,Null,1388275200,Null,Any[732],Null,Null,Ran Fa Li (Farlie),ran-fa-li-farlie,Null
304,Null,1388275200,Null,Any[732],Null,Null,Millie Perkins,millie-perkins,Null
279,Null,1388275200,Null,Any[732],Null,Null,Kendl Johnson,kendl-johnson,Null
244,Null,1387843200,Null,"Any[732, 733]",Null,Null,Jethro,jethro,Null
248,Null,1387843200,Null,Any[733],Null,Null,Mike the Goon,mike-the-goon,Null
305,Null,1388275200,Null,Any[732],Null,Null,Barbara Schternvart,barbara-schternvart,Null
307,Null,1388275200,Null,Any[732],Null,Null,Michelle Cannes,michelle-cannes,Null
324,Null,1389398400,Null,Any[5],Null,Null,Taerum,taerum,Null
322,Null,1389398400,Null,Any[5],Null,Null,Dream Warrior,dream-warrior,Null
335,Null,1389398400,Null,Any[5],Null,Null,Safan,safan,Null
340,Null,1389398400,Null,Any[5],Null,Null,Thalantyr,thalantyr,Null
348,Null,1389398400,Null,Any[5],Null,Null,Entar,entar,Null
350,Null,1389398400,Null,Any[5],Null,Null,Sonner,sonner,Null
359,Null,1389398400,Null,Any[5],Null,Null,Faldorn,faldorn,Null
357,Null,1389398400,Null,Any[5],Null,Null,Tethoril,tethoril,Null
367,Null,1389398400,Null,Any[5],Null,Null,Dream Woman,dream-woman,Null
369,Null,1389398400,Null,Any[5],Null,Null,Glamarie,glamarie,Null
376,Null,1389398400,Null,Any[5],Null,Null,Quayle,quayle,Null
383,Null,1389398400,Null,Any[5],Null,Null,Caldo,caldo,Null
392,Null,1389398400,Null,Any[5],Null,Null,Volo,volo,Null
395,Null,1389398400,Null,Any[5],Null,Null,Gorion,gorion,Null
400,Null,1389398400,Null,Any[5],Null,Null,Serving Wench,serving-wench,Null
401,Null,1389398400,Null,Any[5],Null,Null,Edwin Odesseiron,edwin-odesseiron,Null
406,Null,1389398400,Null,Any[5],Null,Null,Kagain,kagain,Null
1559,Null,1410652800,Null,Any[434],Null,Null,D.S. MacKenna,ds-mackenna,Null
780,Null,1408147200,Null,"Any[19, 111846]",Null,Null,Janitor,janitor,Null
12951,Null,1555977600,Null,Any[26193],Null,Null,Nadine Ross,nadine-ross,Null
252,Null,1387843200,Null,Any[733],Null,Null,DJ Lazlow,dj-lazlow,Null
258,Null,1387843200,Null,Any[733],Null,Null,DJ Amy Sheckenhausen,dj-amy-sheckenhausen,Null
253,Null,1387843200,Null,Any[733],Null,Null,Adam First,adam-first,Null
264,Null,1387843200,Null,Any[733],Null,Null,Claude Maginot,claude-maginot,Null
291,Null,1388275200,Null,Any[732],Null,Null,The Truth,the-truth,Null
299,Null,1388275200,Null,Any[732],Null,Null,Maccer,maccer,Null
308,Null,1388275200,Null,Any[732],Null,Null,Helena Wankstein,helena-wankstein,Null
312,Null,1388275200,Null,Any[732],Null,Null,Classic Hip Hop DJ,classic-hip-hop-dj,Null
327,Null,1389398400,Null,Any[5],Null,Null,Yeslick Orothiar,yeslick-orothiar,Null
262,Null,1387843200,Null,Any[733],Null,Null,Mr. Zoo,mr-zoo,Null
274,Null,1387843200,Null,Any[733],Null,Null,Barry Stark,barry-stark,Null
276,Null,1387843200,Null,Any[733],Null,Null,Konstantinos Smith,konstantinos-smith,Null
287,Null,1388275200,Null,Any[732],Null,Null,Cesar Vialpando,cesar-vialpando,Null
330,Null,1389398400,Null,Any[5],Null,Null,Oublek,oublek,Null
257,Null,1387843200,Null,Any[733],Null,Null,Mister Magic,mister-magic,Null
333,Null,1389398400,Null,Any[5],Null,Null,Resarr,resarr,Null
336,Null,1389398400,Null,Any[5],Null,Null,Tamoko,tamoko,Null
341,Null,1389398400,Null,Any[5],Null,Null,Elminster,elminster,Null
347,Null,1389398400,Null,Any[5],Null,Null,Daveorn,daveorn,Null
349,Null,1389398400,Null,Any[5],Null,Null,Rieltar,rieltar,Null
352,Null,1389398400,Null,"Any[5, 9016]",Null,Null,Nereid,nereid,Null
353,Null,1389398400,Null,Any[5],Null,Null,Skie Silvershield,skie-silvershield,Null
360,Null,1389398400,Null,Any[5],Null,Null,Jaheira,jaheira,Null
364,Null,1389398400,Null,Any[5],Null,Null,Husam,husam,Null
374,Null,1389398400,Null,Any[5],Null,Null,Dream Knight,dream-knight,Null
549,Null,1398988800,Null,"Any[15, 1871, 6433, 18011]",Null,Null,Andy,andy,Null
455,Null,1396742400,Null,"Any[316, 1941]",Null,Null,TV Reporter,tv-reporter,Null
408,Null,1389398400,Null,Any[5],Null,Null,Tuth,tuth,Null
532,Null,1398124800,Null,Any[1334],Null,Null,Young brother,young-brother,Null
582,Null,1405641600,Null,"Any[13, 18364]",Null,Null,Decker,decker,Null
578,Null,1405641600,Null,Any[13],Null,Null,Rhombus,rhombus,Null
588,Null,1405641600,Null,Any[13],Null,Null,Butch Harris,butch-harris,Null
594,Null,1405641600,Null,Any[13],Null,Null,Morpheus,morpheus,Null
3939,Null,1430006400,Null,Any[109],Null,Null,Dudley Forman,dudley-forman,Null
3943,Null,1430006400,Null,Any[109],Null,Null,Walter Clemens,walter-clemens,Null
11126,Null,1513555200,Null,"Any[1564, 76253, 76885]",Null,Null,Nightmare,nightmare,Null
420,Null,1391904000,Null,"Any[1009, 8115, 74881, 90107]",Null,Null,James,james,Null
8019,Null,1462579200,Null,"Any[1221, 1223, 2933]",Null,Null,Luxord,luxord,Null
407,Null,1389398400,Null,Any[5],Null,Null,Tiax,tiax,Null
3900,Null,1430006400,Null,Any[109],Null,Null,Gordon Leitvol,gordon-leitvol,Null
14898,Null,1572307200,Null,Any[103329],Null,Null,Jesse Faden,jesse-faden,Null
3921,Null,1430006400,Null,Any[109],Null,Null,William Dewey,william-dewey,Null
346,Null,1389398400,Null,Any[5],Null,Null,Various Creatures,various-creatures,Null
614,Null,1407110400,Null,Any[15],Null,Null,Elder Lyons,elder-lyons,Null
409,Null,1389398400,Null,Any[5],Null,Null,Gatewarden,gatewarden,Null
498,Null,1397692800,Null,"Any[493, 895, 1871, 1971, 7518, 18995]",Null,Null,Cop,cop,Null
1897,Null,1410912000,Null,"Any[125, 326, 1033, 1036, 1038, 1078, 1627, 2178, 2184, 2476, 2909, 2995, 3349, 3365, 3725, 4591, 5440, 6716, 11196, 17136, 18221, 26774, 37135, 37137]",Null,Null,Voice,voice,Null
13195,Null,1555977600,Null,Any[2933],Null,Null,Lumpy,lumpy,Null
613,Null,1407110400,Null,Any[15],Null,Null,Sergeant RL-3,sergeant-rl-3,Null
587,Null,1405641600,Null,Any[13],Null,Null,Cabbot,cabbot,Null
585,Null,1405641600,Null,Any[13],Null,Null,Jain,jain,Null
593,Null,1405641600,Null,"Any[13, 14]",Null,Null,Tandi,tandi,Null
366,Null,1389398400,Null,"Any[5, 3087]",Null,Null,Marek,marek,Null
589,Null,1405641600,Null,Any[13],Null,Null,Vree,vree,Null
620,Null,1407110400,Null,Any[15],Null,Null,Abraham Washington,abraham-washington,Null
533,Null,1398124800,Null,Any[1334],Null,Null,Old Brother,old-brother,Null
595,Null,1405641600,Null,Any[13],Null,Null,Maxson,maxson,Null
597,Null,1405814400,Null,Any[14],Null,Null,Hakunin,hakunin,Null
629,Null,1407110400,Null,Any[15],Null,Null,Pinkerton,pinkerton,Null
655,Null,1407110400,Null,Any[15],Null,Null,Mister Buckingham,mister-buckingham,Null
11087,Null,1510099200,Null,Any[7603],Null,Null,Druth,druth,Null
11085,Null,1510099200,Null,Any[7603],Null,Null,Senua,senua,Null
11092,Null,1510099200,Null,Any[326],Null,Null,Manon Batiste,manon-batiste,Null
579,Null,1405641600,Null,Any[13],Null,Null,Set,set,Null
576,Null,1405641600,Null,Any[13],Null,Null,Killian,killian,Null
577,Null,1405641600,Null,Any[13],Null,Null,Loxley,loxley,Null
584,Null,1405641600,Null,Any[13],Null,Null,The Lieutenant,the-lieutenant,Null
599,Null,1405814400,Null,Any[14],Null,Null,Lynette,lynette,Null
11088,Null,1510099200,Null,Any[7603],Null,Null,Dillion,dillion,Null
11093,Null,1510099200,Null,Any[326],Null,Null,Narration (training mission),narration-training-mission,Null
619,Null,1407110400,Null,"Any[15, 25264]",Null,Null,Nathan,nathan,Null
11089,Null,1510099200,Null,"Any[7603, 103288]",Null,Null,Galena,galena,Null
612,Null,1407110400,Null,Any[15],Null,Null,Hannibal Hamlin,hannibal-hamlin,Null
11091,Null,1510099200,Null,Any[326],Null,Null,Captain Ramsey,captain-ramsey,Null
618,Null,1407110400,Null,Any[15],Null,Null,Three Dog,three-dog,Null
621,Null,1407110400,Null,Any[15],Null,Null,Tree Father Birch,tree-father-birch,Null
624,Null,1407110400,Null,Any[15],Null,Null,Star Paladin Cross,star-paladin-cross,Null
691,Null,1407110400,Null,"Any[16, 103020]",Null,Null,Tabitha,tabitha,Null
628,Null,1407110400,Null,"Any[15, 960]",Null,Null,Dave,dave,Null
656,Null,1407110400,Null,Any[15],Null,Null,The Great One,the-great-one,Null
667,Null,1407110400,Null,Any[15],Null,Null,Paladin Gunny,paladin-gunny,Null
669,Null,1407110400,Null,Any[15],Null,Null,Tulip,tulip,Null
683,Null,1407110400,Null,Any[16],Null,Null,Billy Knight,billy-knight,Null
695,Null,1407110400,Null,Any[16],Null,Null,President Kimball,president-kimball,Null
700,Null,1407110400,Null,Any[16],Null,Null,Melissa,melissa,Null
703,Null,1407110400,Null,"Any[16, 9630]",Null,Null,Super Mutants,super-mutants,Null
719,Null,1408060800,Null,Any[18],Null,Null,Candy Dawn,candy-dawn,Null
763,Null,1408147200,Null,Any[19],Null,Null,Porn Host,porn-host,Null
769,Null,1408147200,Null,Any[19],Null,Null,Cleaners,cleaners,Null
767,Null,1408147200,Null,Any[19],Null,Null,"Mike ""The Cowboy""",mike-the-cowboy,Null
772,Null,1408147200,Null,Any[19],Null,Null,Doctors,doctors,Null
12970,Null,1555977600,Null,Any[76253],Null,Null,Nero,nero,Null
11140,Null,1514592000,Null,"Any[529, 8115, 14879, 55028]",Null,Null,Keith,keith,Null
2195,Null,1413936000,Null,"Any[4754, 6273, 6574, 103020]",Null,Null,Parker,parker,Null
601,Null,1405814400,Null,"Any[14, 245]",Null,Null,Drill Sergeant,drill-sergeant,Null
630,Null,1407110400,Null,Any[15],Null,Null,Dukov,dukov,Null
685,Null,1407110400,Null,Any[16],Null,Null,Big Sal,big-sal,Null
690,Null,1407110400,Null,Any[16],Null,Null,Legate Lanius,legate-lanius,Null
632,Null,1407110400,Null,Any[15],Null,Null,One Year Baby,one-year-baby,Null
637,Null,1407110400,Null,Any[15],Null,Null,Fawkes,fawkes,Null
698,Null,1407110400,Null,"Any[16, 103020]",Null,Null,Robobrain,robobrain,Null
616,Null,1407110400,Null,"Any[15, 25076]",Null,Null,Moira,moira,Null
731,Null,1408060800,Null,Any[18],Null,Null,Marquis Valentine,marquis-valentine,Null
581,Null,1405641600,Null,Any[13],Null,Null,The Master,the-master,Null
627,Null,1407110400,Null,"Any[15, 989]",Null,Null,Jonas,jonas,Null
644,Null,1407110400,Null,Any[15],Null,Null,Eulogy Jones,eulogy-jones,Null
646,Null,1407110400,Null,Any[15],Null,Null,Harden Simms,harden-simms,Null
653,Null,1407110400,Null,Any[15],Null,Null,Doctor Lesko,doctor-lesko,Null
661,Null,1407110400,Null,Any[15],Null,Null,Margaret Primrose,margaret-primrose,Null
663,Null,1407110400,Null,Any[15],Null,Null,Mayor MacCready,mayor-maccready,Null
672,Null,1407110400,Null,Any[15],Null,Null,Lucas Simms,lucas-simms,Null
676,Null,1407110400,Null,Any[16],Null,Null,Arcade,arcade,Null
682,Null,1407110400,Null,Any[16],Null,Null,Yes Man,yes-man,Null
688,Null,1407110400,Null,Any[16],Null,Null,Col. Moore,col-moore,Null
702,Null,1407110400,Null,Any[16],Null,Null,McMurphy,mcmurphy,Null
580,Null,1405641600,Null,"Any[13, 4195]",Null,Null,Gizmo,gizmo,Null
714,Null,1408060800,Null,Any[18],Null,Null,Joey Finito,joey-finito,Null
622,Null,1407110400,Null,"Any[15, 1151, 1871, 6574, 8729, 27316]",Null,Null,Beatrice,beatrice,Null
626,Null,1407110400,Null,Any[15],Null,Null,Confessor Cromwell,confessor-cromwell,Null
641,Null,1407110400,Null,Any[15],Null,Null,Young Paul Hannon,young-paul-hannon,Null
647,Null,1407110400,Null,Any[15],Null,Null,Sentinel Lyons,sentinel-lyons,Null
659,Null,1407110400,Null,Any[15],Null,Null,Old Lady Palmer,old-lady-palmer,Null
674,Null,1407110400,Null,Any[16],Null,Null,Mr. New Vegas,mr-new-vegas,Null
732,Null,1408060800,Null,Any[18],Null,Null,Boris Dime,boris-dime,Null
740,Null,1408060800,Null,"Any[18, 19]",Null,Null,Policemen,policemen,Null
744,Null,1408147200,Null,"Any[19, 960]",Null,Null,Vladimir Lem,vladimir-lem,Null
750,Null,1408147200,Null,Any[19],Null,Null,Lord Jack,lord-jack,Null
771,Null,1408147200,Null,Any[19],Null,Null,Security Guards,security-guards,Null
774,Null,1408147200,Null,Any[19],Null,Null,Businessman,businessman,Null
775,Null,1408147200,Null,Any[19],Null,Null,Neighbor,neighbor,Null
786,Null,1408579200,Null,Any[71],Null,Null,The Anger Sphere,the-anger-sphere,Null
785,Null,1408579200,Null,"Any[71, 72]",Null,Null,Turrets,turrets,Null
1484,Null,1410393600,Null,"Any[990, 1021]",Null,Null,Keyes,keyes,Null
583,Null,1405641600,Null,"Any[13, 6032, 8729, 103249]",Null,Null,Harry,harry,Null
636,Null,1407110400,Null,Any[15],Null,Null,Mr. Burke,mr-burke,Null
639,Null,1407110400,Null,Any[15],Null,Null,Maggie,maggie,Null
649,Null,1407110400,Null,Any[15],Null,Null,Timmy Neusbaum,timmy-neusbaum,Null
651,Null,1407110400,Null,Any[15],Null,Null,Paladin Vargas,paladin-vargas,Null
673,Null,1407110400,Null,"Any[16, 9112]",Null,Null,Benny,benny,Null
678,Null,1407110400,Null,Any[16],Null,Null,Mr. House,mr-house,Null
689,Null,1407110400,Null,Any[16],Null,Null,Festus,festus,Null
704,Null,1407110400,Null,Any[16],Null,Null,Ghouls,ghouls,Null
720,Null,1408060800,Null,"Any[18, 19, 960]",Null,Null,Captain Baseballbat-Boy,captain-baseballbat-boy,Null
736,Null,1408060800,Null,Any[18],Null,Null,Transit Police,transit-police,Null
737,Null,1408060800,Null,Any[18],Null,Null,Chemists,chemists,Null
743,Null,1408060800,Null,"Any[18, 19]",Null,Null,Booze Hounds,booze-hounds,Null
751,Null,1408147200,Null,Any[19],Null,Null,Mama,mama,Null
749,Null,1408147200,Null,Any[19],Null,Null,Lord Valentine,lord-valentine,Null
